studentID,name,gender,classID,class,grade,parentID
HY210001,Affandi bin Hassan,M,,,5,
HY210002,Alif Iqbal bin Hussain,M,,,5,
HY210003,Azeem Idris bin Salim,M,,,5,
HY210004,Azizul bin Shaari,M,,,5,
HY210005,Azmi Baharuddin bin Ali,M,,,5,
HY210006,Badrul bin Aziz,M,,,5,
HY210007,Fahmee Fadzli bin Yaakob,M,,,5,
HY210008,Hafis bin Mustafa,M,,,5,
HY210009,Halmi Irfan bin Hakim,M,,,5,
HY210010,Hisham bin Razali,M,,,5,
HY210011,Ibahim bin Sharif,M,,,5,
HY210012,Khairi Onic bin Samsudin,M,,,5,
HY210013,Khairunnisa Sofea binti Mahmud,F,,,5,
HY210014,Maziah Majnun binti Mysa Amin,F,,,5,
HY210015,Mohd Iskandar bin Yusof,M,,,5,
HY210016,Mohd Saiful bin Mokhtar,M,,,5,
HY210017,Muhammad Farid bin Hamid,M,,,5,
HY210018,Muhammad Fauzi bin Muhammad Kadir,M,,,5,
HY210019,Muhammad Ramli bin Ahmad,M,,,5,
HY210020,Muhammad Zainol bin Muhammad Yasin,M,,,5,
HY210021,Muhammad Zaki bin Muhammad Hamzah,M,,,5,
HY210022,Muhd Hashim bin Manaf,M,,,5,
HY210023,Muhd Hasnol bin Muhamad Zain,M,,,5,
HY210024,Muhd Yazid bin Nordin,M,,,5,
HY210025,Muhd Zaidi bin Harun,M,,,5,
HY210026,Mustafa Kamal bin Shafie,M,,,5,
HY210027,Noor Malik Raihan binti Abdullah,F,,,5,
HY210028,Nor Asyikin binti Malik,F,,,5,
HY210029,Norain binti Samsuddin,F,,,5,
HY210030,Norashikin binti Mohamad,F,,,5,
HY210031,Norhana binti Yaacob,F,,,5,
HY210032,Noridah binti Omar,F,,,5,
HY210033,Norsiah binti Rahman,F,,,5,
HY210034,Nur Adibah binti Yusof,F,,,5,
HY210035,Nur Aminah binti Musa,F,,,5,
HY210036,Nur Fatihah binti Razak,F,,,5,
HY210037,Nur Jamilah binti Samad,F,,,5,
HY210038,Nur Nabilah binti Hassan,F,,,5,
HY210039,Nurazlin binti Talib,F,,,5,
HY210040,Nurul Asma binti Affandi,F,,,5,
HY210041,Nurul Azura binti Kamal,F,,,5,
HY210042,Nurul Salimah binti Saad,F,,,5,
HY210043,Ratnah binti Suleiman,F,,,5,
HY210044,Ridzwan bin Mustaffa,M,,,5,
HY210045,Roslina Sharmila binti Hassan,F,,,5,
HY210046,Rosnah binti Dollah,F,,,5,
HY210047,Shafiq Sufian bin Shafiq Samad,M,,,5,
HY210048,Sharifah Sakinah binti Ahmad,F,,,5,
HY210049,Siti Hajar binti Hashim,F,,,5,
HY210050,Siti Nur Hawa binti Mohamed,F,,,5,
HY210051,Siti Rohani binti Nordin,F,,,5,
